review,sentiment
Worst purchase ever. Not worth the price.,negative
Very poor quality and late delivery.,negative
Terrible experience. I want my money back.,negative
Terrible experience. I want my money back.,negative
Customer service was unhelpful and rude.,negative
I'm very happy with this. Worth every penny.,positive
"Fantastic experience, I will definitely buy again.",positive
Extremely dissatisfied. Waste of money.,negative
Terrible experience. I want my money back.,negative
Exceeded all my expectations. Brilliant!,positive
I'm very happy with this. Worth every penny.,positive
The best purchase I've made this year. Excellent quality.,positive
The quality is top-notch and delivery was super fast.,positive
The quality is top-notch and delivery was super fast.,positive
"Fantastic experience, I will definitely buy again.",positive
Highly recommended! Very satisfied with my purchase.,positive
Impressive features and easy to use.,positive
Loved the packaging and the attention to detail.,positive
Would not recommend to anyone.,negative
This is not what I expected. Completely useless.,negative
Extremely dissatisfied. Waste of money.,negative
This is not what I expected. Completely useless.,negative
Terrible experience. I want my money back.,negative
Highly recommended! Very satisfied with my purchase.,positive
The product broke after two days. Very disappointed.,negative
Customer service was unhelpful and rude.,negative
Extremely dissatisfied. Waste of money.,negative
Great customer service and the item works perfectly.,positive
Worst purchase ever. Not worth the price.,negative
Highly recommended! Very satisfied with my purchase.,positive
Bad experience overall. Avoid this product.,negative
Bad experience overall. Avoid this product.,negative
Terrible experience. I want my money back.,negative
Exceeded all my expectations. Brilliant!,positive
This is not what I expected. Completely useless.,negative
"Fantastic experience, I will definitely buy again.",positive
This is not what I expected. Completely useless.,negative
Terrible experience. I want my money back.,negative
Customer service was unhelpful and rude.,negative
The product broke after two days. Very disappointed.,negative
Impressive features and easy to use.,positive
Would not recommend to anyone.,negative
Highly recommended! Very satisfied with my purchase.,positive
I absolutely loved this product. It exceeded my expectations!,positive
The product broke after two days. Very disappointed.,negative
Highly recommended! Very satisfied with my purchase.,positive
Highly recommended! Very satisfied with my purchase.,positive
The product broke after two days. Very disappointed.,negative
This is not what I expected. Completely useless.,negative
Worst purchase ever. Not worth the price.,negative
The best purchase I've made this year. Excellent quality.,positive
Exceeded all my expectations. Brilliant!,positive
Great customer service and the item works perfectly.,positive
Great customer service and the item works perfectly.,positive
Great customer service and the item works perfectly.,positive
Very poor quality and late delivery.,negative
Impressive features and easy to use.,positive
"Fantastic experience, I will definitely buy again.",positive
The best purchase I've made this year. Excellent quality.,positive
Loved the packaging and the attention to detail.,positive
Bad experience overall. Avoid this product.,negative
Impressive features and easy to use.,positive
The product broke after two days. Very disappointed.,negative
This is not what I expected. Completely useless.,negative
Impressive features and easy to use.,positive
The quality is top-notch and delivery was super fast.,positive
Impressive features and easy to use.,positive
I had a lot of issues with this product.,negative
"Fantastic experience, I will definitely buy again.",positive
Highly recommended! Very satisfied with my purchase.,positive
"Fantastic experience, I will definitely buy again.",positive
I had a lot of issues with this product.,negative
I'm very happy with this. Worth every penny.,positive
Great customer service and the item works perfectly.,positive
Would not recommend to anyone.,negative
Very poor quality and late delivery.,negative
The product broke after two days. Very disappointed.,negative
The product broke after two days. Very disappointed.,negative
Impressive features and easy to use.,positive
"Fantastic experience, I will definitely buy again.",positive
I had a lot of issues with this product.,negative
Highly recommended! Very satisfied with my purchase.,positive
Customer service was unhelpful and rude.,negative
Exceeded all my expectations. Brilliant!,positive
I had a lot of issues with this product.,negative
Impressive features and easy to use.,positive
I absolutely loved this product. It exceeded my expectations!,positive
Very poor quality and late delivery.,negative
The best purchase I've made this year. Excellent quality.,positive
I'm very happy with this. Worth every penny.,positive
I had a lot of issues with this product.,negative
I had a lot of issues with this product.,negative
I'm very happy with this. Worth every penny.,positive
Extremely dissatisfied. Waste of money.,negative
Highly recommended! Very satisfied with my purchase.,positive
Loved the packaging and the attention to detail.,positive
Worst purchase ever. Not worth the price.,negative
Worst purchase ever. Not worth the price.,negative
I'm very happy with this. Worth every penny.,positive
The quality is top-notch and delivery was super fast.,positive
Great customer service and the item works perfectly.,positive
Impressive features and easy to use.,positive
Loved the packaging and the attention to detail.,positive
The product broke after two days. Very disappointed.,negative
Great customer service and the item works perfectly.,positive
I had a lot of issues with this product.,negative
The quality is top-notch and delivery was super fast.,positive
Worst purchase ever. Not worth the price.,negative
Highly recommended! Very satisfied with my purchase.,positive
I'm very happy with this. Worth every penny.,positive
Bad experience overall. Avoid this product.,negative
Extremely dissatisfied. Waste of money.,negative
I had a lot of issues with this product.,negative
I'm very happy with this. Worth every penny.,positive
I'm very happy with this. Worth every penny.,positive
Exceeded all my expectations. Brilliant!,positive
Highly recommended! Very satisfied with my purchase.,positive
This is not what I expected. Completely useless.,negative
Highly recommended! Very satisfied with my purchase.,positive
Highly recommended! Very satisfied with my purchase.,positive
Great customer service and the item works perfectly.,positive
The product broke after two days. Very disappointed.,negative
The best purchase I've made this year. Excellent quality.,positive
The product broke after two days. Very disappointed.,negative
Highly recommended! Very satisfied with my purchase.,positive
Worst purchase ever. Not worth the price.,negative
Loved the packaging and the attention to detail.,positive
Terrible experience. I want my money back.,negative
Loved the packaging and the attention to detail.,positive
Extremely dissatisfied. Waste of money.,negative
Very poor quality and late delivery.,negative
Great customer service and the item works perfectly.,positive
Loved the packaging and the attention to detail.,positive
"Fantastic experience, I will definitely buy again.",positive
Impressive features and easy to use.,positive
Bad experience overall. Avoid this product.,negative
This is not what I expected. Completely useless.,negative
The product broke after two days. Very disappointed.,negative
Extremely dissatisfied. Waste of money.,negative
Great customer service and the item works perfectly.,positive
Terrible experience. I want my money back.,negative
Exceeded all my expectations. Brilliant!,positive
I had a lot of issues with this product.,negative
Exceeded all my expectations. Brilliant!,positive
The product broke after two days. Very disappointed.,negative
I had a lot of issues with this product.,negative
Great customer service and the item works perfectly.,positive
Worst purchase ever. Not worth the price.,negative
Extremely dissatisfied. Waste of money.,negative
Bad experience overall. Avoid this product.,negative
Exceeded all my expectations. Brilliant!,positive
Worst purchase ever. Not worth the price.,negative
Highly recommended! Very satisfied with my purchase.,positive
This is not what I expected. Completely useless.,negative
Loved the packaging and the attention to detail.,positive
Great customer service and the item works perfectly.,positive
Impressive features and easy to use.,positive
The product broke after two days. Very disappointed.,negative
The quality is top-notch and delivery was super fast.,positive
"Fantastic experience, I will definitely buy again.",positive
Would not recommend to anyone.,negative
Exceeded all my expectations. Brilliant!,positive
Worst purchase ever. Not worth the price.,negative
I'm very happy with this. Worth every penny.,positive
The quality is top-notch and delivery was super fast.,positive
This is not what I expected. Completely useless.,negative
Highly recommended! Very satisfied with my purchase.,positive
Loved the packaging and the attention to detail.,positive
The product broke after two days. Very disappointed.,negative
Impressive features and easy to use.,positive
Very poor quality and late delivery.,negative
Very poor quality and late delivery.,negative
Terrible experience. I want my money back.,negative
I absolutely loved this product. It exceeded my expectations!,positive
I had a lot of issues with this product.,negative
Highly recommended! Very satisfied with my purchase.,positive
Bad experience overall. Avoid this product.,negative
The best purchase I've made this year. Excellent quality.,positive
The quality is top-notch and delivery was super fast.,positive
"Fantastic experience, I will definitely buy again.",positive
Very poor quality and late delivery.,negative
Bad experience overall. Avoid this product.,negative
I had a lot of issues with this product.,negative
Would not recommend to anyone.,negative
Very poor quality and late delivery.,negative
Impressive features and easy to use.,positive
"Fantastic experience, I will definitely buy again.",positive
Exceeded all my expectations. Brilliant!,positive
The best purchase I've made this year. Excellent quality.,positive
The product broke after two days. Very disappointed.,negative
Exceeded all my expectations. Brilliant!,positive
The quality is top-notch and delivery was super fast.,positive
Extremely dissatisfied. Waste of money.,negative
Would not recommend to anyone.,negative
This is not what I expected. Completely useless.,negative
Great customer service and the item works perfectly.,positive
Bad experience overall. Avoid this product.,negative
Bad experience overall. Avoid this product.,negative
Impressive features and easy to use.,positive
I had a lot of issues with this product.,negative
Exceeded all my expectations. Brilliant!,positive
Great customer service and the item works perfectly.,positive
Exceeded all my expectations. Brilliant!,positive
Loved the packaging and the attention to detail.,positive
The best purchase I've made this year. Excellent quality.,positive
Exceeded all my expectations. Brilliant!,positive
Would not recommend to anyone.,negative
Highly recommended! Very satisfied with my purchase.,positive
Great customer service and the item works perfectly.,positive
The product broke after two days. Very disappointed.,negative
I'm very happy with this. Worth every penny.,positive
The product broke after two days. Very disappointed.,negative
I'm very happy with this. Worth every penny.,positive
"Fantastic experience, I will definitely buy again.",positive
I had a lot of issues with this product.,negative
Impressive features and easy to use.,positive
Impressive features and easy to use.,positive
Impressive features and easy to use.,positive
Would not recommend to anyone.,negative
Very poor quality and late delivery.,negative
Extremely dissatisfied. Waste of money.,negative
Terrible experience. I want my money back.,negative
The best purchase I've made this year. Excellent quality.,positive
Impressive features and easy to use.,positive
Impressive features and easy to use.,positive
Impressive features and easy to use.,positive
I had a lot of issues with this product.,negative
Terrible experience. I want my money back.,negative
The product broke after two days. Very disappointed.,negative
Terrible experience. I want my money back.,negative
Exceeded all my expectations. Brilliant!,positive
Exceeded all my expectations. Brilliant!,positive
I had a lot of issues with this product.,negative
Very poor quality and late delivery.,negative
The product broke after two days. Very disappointed.,negative
"Fantastic experience, I will definitely buy again.",positive
Great customer service and the item works perfectly.,positive
I absolutely loved this product. It exceeded my expectations!,positive
The quality is top-notch and delivery was super fast.,positive
Extremely dissatisfied. Waste of money.,negative
Very poor quality and late delivery.,negative
I absolutely loved this product. It exceeded my expectations!,positive
Loved the packaging and the attention to detail.,positive
Customer service was unhelpful and rude.,negative
Terrible experience. I want my money back.,negative
I had a lot of issues with this product.,negative
Great customer service and the item works perfectly.,positive
I'm very happy with this. Worth every penny.,positive
I had a lot of issues with this product.,negative
Very poor quality and late delivery.,negative
Impressive features and easy to use.,positive
Worst purchase ever. Not worth the price.,negative
Impressive features and easy to use.,positive
This is not what I expected. Completely useless.,negative
I had a lot of issues with this product.,negative
Very poor quality and late delivery.,negative
"Fantastic experience, I will definitely buy again.",positive
Exceeded all my expectations. Brilliant!,positive
I absolutely loved this product. It exceeded my expectations!,positive
Loved the packaging and the attention to detail.,positive
Terrible experience. I want my money back.,negative
Would not recommend to anyone.,negative
Very poor quality and late delivery.,negative
Great customer service and the item works perfectly.,positive
Great customer service and the item works perfectly.,positive
Great customer service and the item works perfectly.,positive
Great customer service and the item works perfectly.,positive
The quality is top-notch and delivery was super fast.,positive
Very poor quality and late delivery.,negative
The best purchase I've made this year. Excellent quality.,positive
This is not what I expected. Completely useless.,negative
Highly recommended! Very satisfied with my purchase.,positive
I'm very happy with this. Worth every penny.,positive
The best purchase I've made this year. Excellent quality.,positive
The best purchase I've made this year. Excellent quality.,positive
I had a lot of issues with this product.,negative
Terrible experience. I want my money back.,negative
Would not recommend to anyone.,negative
Exceeded all my expectations. Brilliant!,positive
I had a lot of issues with this product.,negative
Great customer service and the item works perfectly.,positive
Very poor quality and late delivery.,negative
Great customer service and the item works perfectly.,positive
I'm very happy with this. Worth every penny.,positive
Impressive features and easy to use.,positive
The product broke after two days. Very disappointed.,negative
Terrible experience. I want my money back.,negative
The product broke after two days. Very disappointed.,negative
"Fantastic experience, I will definitely buy again.",positive
Great customer service and the item works perfectly.,positive
Great customer service and the item works perfectly.,positive
Extremely dissatisfied. Waste of money.,negative
This is not what I expected. Completely useless.,negative
Very poor quality and late delivery.,negative
I had a lot of issues with this product.,negative
Terrible experience. I want my money back.,negative
Would not recommend to anyone.,negative
"Fantastic experience, I will definitely buy again.",positive
Loved the packaging and the attention to detail.,positive
Highly recommended! Very satisfied with my purchase.,positive
Worst purchase ever. Not worth the price.,negative
The quality is top-notch and delivery was super fast.,positive
Great customer service and the item works perfectly.,positive
The quality is top-notch and delivery was super fast.,positive
Highly recommended! Very satisfied with my purchase.,positive
Would not recommend to anyone.,negative
"Fantastic experience, I will definitely buy again.",positive
Terrible experience. I want my money back.,negative
I had a lot of issues with this product.,negative
Bad experience overall. Avoid this product.,negative
The best purchase I've made this year. Excellent quality.,positive
This is not what I expected. Completely useless.,negative
Great customer service and the item works perfectly.,positive
I'm very happy with this. Worth every penny.,positive
"Fantastic experience, I will definitely buy again.",positive
Exceeded all my expectations. Brilliant!,positive
"Fantastic experience, I will definitely buy again.",positive
Very poor quality and late delivery.,negative
This is not what I expected. Completely useless.,negative
Loved the packaging and the attention to detail.,positive
I'm very happy with this. Worth every penny.,positive
Extremely dissatisfied. Waste of money.,negative
I absolutely loved this product. It exceeded my expectations!,positive
Loved the packaging and the attention to detail.,positive
"Fantastic experience, I will definitely buy again.",positive
"Fantastic experience, I will definitely buy again.",positive
Very poor quality and late delivery.,negative
I absolutely loved this product. It exceeded my expectations!,positive
I had a lot of issues with this product.,negative
Bad experience overall. Avoid this product.,negative
Highly recommended! Very satisfied with my purchase.,positive
I absolutely loved this product. It exceeded my expectations!,positive
Bad experience overall. Avoid this product.,negative
Highly recommended! Very satisfied with my purchase.,positive
Great customer service and the item works perfectly.,positive
The quality is top-notch and delivery was super fast.,positive
Impressive features and easy to use.,positive
I absolutely loved this product. It exceeded my expectations!,positive
"Fantastic experience, I will definitely buy again.",positive
The best purchase I've made this year. Excellent quality.,positive
Loved the packaging and the attention to detail.,positive
I'm very happy with this. Worth every penny.,positive
Extremely dissatisfied. Waste of money.,negative
Customer service was unhelpful and rude.,negative
The product broke after two days. Very disappointed.,negative
Bad experience overall. Avoid this product.,negative
Extremely dissatisfied. Waste of money.,negative
Bad experience overall. Avoid this product.,negative
I'm very happy with this. Worth every penny.,positive
The product broke after two days. Very disappointed.,negative
Very poor quality and late delivery.,negative
"Fantastic experience, I will definitely buy again.",positive
I had a lot of issues with this product.,negative
Impressive features and easy to use.,positive
I absolutely loved this product. It exceeded my expectations!,positive
Highly recommended! Very satisfied with my purchase.,positive
Exceeded all my expectations. Brilliant!,positive
Extremely dissatisfied. Waste of money.,negative
The best purchase I've made this year. Excellent quality.,positive
The best purchase I've made this year. Excellent quality.,positive
This is not what I expected. Completely useless.,negative
Exceeded all my expectations. Brilliant!,positive
Terrible experience. I want my money back.,negative
I had a lot of issues with this product.,negative
Extremely dissatisfied. Waste of money.,negative
I had a lot of issues with this product.,negative
Worst purchase ever. Not worth the price.,negative
Worst purchase ever. Not worth the price.,negative
Impressive features and easy to use.,positive
Great customer service and the item works perfectly.,positive
Highly recommended! Very satisfied with my purchase.,positive
Exceeded all my expectations. Brilliant!,positive
Very poor quality and late delivery.,negative
Extremely dissatisfied. Waste of money.,negative
Very poor quality and late delivery.,negative
"Fantastic experience, I will definitely buy again.",positive
Terrible experience. I want my money back.,negative
"Fantastic experience, I will definitely buy again.",positive
Very poor quality and late delivery.,negative
Terrible experience. I want my money back.,negative
This is not what I expected. Completely useless.,negative
Exceeded all my expectations. Brilliant!,positive
The best purchase I've made this year. Excellent quality.,positive
Highly recommended! Very satisfied with my purchase.,positive
The best purchase I've made this year. Excellent quality.,positive
Terrible experience. I want my money back.,negative
I'm very happy with this. Worth every penny.,positive
Exceeded all my expectations. Brilliant!,positive
Loved the packaging and the attention to detail.,positive
The quality is top-notch and delivery was super fast.,positive
The quality is top-notch and delivery was super fast.,positive
"Fantastic experience, I will definitely buy again.",positive
Would not recommend to anyone.,negative
This is not what I expected. Completely useless.,negative
Customer service was unhelpful and rude.,negative
Loved the packaging and the attention to detail.,positive
Impressive features and easy to use.,positive
Very poor quality and late delivery.,negative
I'm very happy with this. Worth every penny.,positive
Would not recommend to anyone.,negative
The quality is top-notch and delivery was super fast.,positive
I'm very happy with this. Worth every penny.,positive
Would not recommend to anyone.,negative
Worst purchase ever. Not worth the price.,negative
Highly recommended! Very satisfied with my purchase.,positive
I had a lot of issues with this product.,negative
I had a lot of issues with this product.,negative
Very poor quality and late delivery.,negative
The quality is top-notch and delivery was super fast.,positive
Customer service was unhelpful and rude.,negative
Terrible experience. I want my money back.,negative
Customer service was unhelpful and rude.,negative
Very poor quality and late delivery.,negative
Bad experience overall. Avoid this product.,negative
I'm very happy with this. Worth every penny.,positive
The best purchase I've made this year. Excellent quality.,positive
I absolutely loved this product. It exceeded my expectations!,positive
"Fantastic experience, I will definitely buy again.",positive
I'm very happy with this. Worth every penny.,positive
The product broke after two days. Very disappointed.,negative
I had a lot of issues with this product.,negative
Exceeded all my expectations. Brilliant!,positive
"Fantastic experience, I will definitely buy again.",positive
Impressive features and easy to use.,positive
Would not recommend to anyone.,negative
"Fantastic experience, I will definitely buy again.",positive
This is not what I expected. Completely useless.,negative
I absolutely loved this product. It exceeded my expectations!,positive
The quality is top-notch and delivery was super fast.,positive
The best purchase I've made this year. Excellent quality.,positive
I'm very happy with this. Worth every penny.,positive
Bad experience overall. Avoid this product.,negative
Exceeded all my expectations. Brilliant!,positive
Customer service was unhelpful and rude.,negative
Would not recommend to anyone.,negative
Customer service was unhelpful and rude.,negative
Very poor quality and late delivery.,negative
"Fantastic experience, I will definitely buy again.",positive
Customer service was unhelpful and rude.,negative
Worst purchase ever. Not worth the price.,negative
Very poor quality and late delivery.,negative
The quality is top-notch and delivery was super fast.,positive
I'm very happy with this. Worth every penny.,positive
I had a lot of issues with this product.,negative
I'm very happy with this. Worth every penny.,positive
I had a lot of issues with this product.,negative
Impressive features and easy to use.,positive
Would not recommend to anyone.,negative
Highly recommended! Very satisfied with my purchase.,positive
Extremely dissatisfied. Waste of money.,negative
Exceeded all my expectations. Brilliant!,positive
I had a lot of issues with this product.,negative
Worst purchase ever. Not worth the price.,negative
This is not what I expected. Completely useless.,negative
I had a lot of issues with this product.,negative
Worst purchase ever. Not worth the price.,negative
This is not what I expected. Completely useless.,negative
Exceeded all my expectations. Brilliant!,positive
The best purchase I've made this year. Excellent quality.,positive
Extremely dissatisfied. Waste of money.,negative
The product broke after two days. Very disappointed.,negative
Exceeded all my expectations. Brilliant!,positive
Bad experience overall. Avoid this product.,negative
Loved the packaging and the attention to detail.,positive
Exceeded all my expectations. Brilliant!,positive
Very poor quality and late delivery.,negative
Worst purchase ever. Not worth the price.,negative
I absolutely loved this product. It exceeded my expectations!,positive
Extremely dissatisfied. Waste of money.,negative
Customer service was unhelpful and rude.,negative
Extremely dissatisfied. Waste of money.,negative
Customer service was unhelpful and rude.,negative
I absolutely loved this product. It exceeded my expectations!,positive
This is not what I expected. Completely useless.,negative
Loved the packaging and the attention to detail.,positive
I absolutely loved this product. It exceeded my expectations!,positive
Worst purchase ever. Not worth the price.,negative
The best purchase I've made this year. Excellent quality.,positive
I had a lot of issues with this product.,negative
The best purchase I've made this year. Excellent quality.,positive
Would not recommend to anyone.,negative
Worst purchase ever. Not worth the price.,negative
Worst purchase ever. Not worth the price.,negative
I'm very happy with this. Worth every penny.,positive
Great customer service and the item works perfectly.,positive
Extremely dissatisfied. Waste of money.,negative
The best purchase I've made this year. Excellent quality.,positive
Worst purchase ever. Not worth the price.,negative
Would not recommend to anyone.,negative
Very poor quality and late delivery.,negative
The quality is top-notch and delivery was super fast.,positive
Bad experience overall. Avoid this product.,negative
The best purchase I've made this year. Excellent quality.,positive
The product broke after two days. Very disappointed.,negative
The quality is top-notch and delivery was super fast.,positive
This is not what I expected. Completely useless.,negative
Very poor quality and late delivery.,negative
I absolutely loved this product. It exceeded my expectations!,positive
I'm very happy with this. Worth every penny.,positive
Loved the packaging and the attention to detail.,positive
Customer service was unhelpful and rude.,negative
The quality is top-notch and delivery was super fast.,positive
Extremely dissatisfied. Waste of money.,negative
I'm very happy with this. Worth every penny.,positive
I'm very happy with this. Worth every penny.,positive
Customer service was unhelpful and rude.,negative
Bad experience overall. Avoid this product.,negative
I'm very happy with this. Worth every penny.,positive
I had a lot of issues with this product.,negative
Worst purchase ever. Not worth the price.,negative
The product broke after two days. Very disappointed.,negative
Impressive features and easy to use.,positive
Extremely dissatisfied. Waste of money.,negative
I had a lot of issues with this product.,negative
Exceeded all my expectations. Brilliant!,positive
The best purchase I've made this year. Excellent quality.,positive
Extremely dissatisfied. Waste of money.,negative
Highly recommended! Very satisfied with my purchase.,positive
Worst purchase ever. Not worth the price.,negative
The product broke after two days. Very disappointed.,negative
The best purchase I've made this year. Excellent quality.,positive
I'm very happy with this. Worth every penny.,positive
Bad experience overall. Avoid this product.,negative
Exceeded all my expectations. Brilliant!,positive
The quality is top-notch and delivery was super fast.,positive
Very poor quality and late delivery.,negative
Extremely dissatisfied. Waste of money.,negative
The product broke after two days. Very disappointed.,negative
Terrible experience. I want my money back.,negative
Extremely dissatisfied. Waste of money.,negative
Loved the packaging and the attention to detail.,positive
I'm very happy with this. Worth every penny.,positive
Extremely dissatisfied. Waste of money.,negative
Worst purchase ever. Not worth the price.,negative
This is not what I expected. Completely useless.,negative
Highly recommended! Very satisfied with my purchase.,positive
Bad experience overall. Avoid this product.,negative
Loved the packaging and the attention to detail.,positive
The product broke after two days. Very disappointed.,negative
This is not what I expected. Completely useless.,negative
Loved the packaging and the attention to detail.,positive
Exceeded all my expectations. Brilliant!,positive
Exceeded all my expectations. Brilliant!,positive
The best purchase I've made this year. Excellent quality.,positive
Extremely dissatisfied. Waste of money.,negative
I absolutely loved this product. It exceeded my expectations!,positive
Very poor quality and late delivery.,negative
Bad experience overall. Avoid this product.,negative
Great customer service and the item works perfectly.,positive
I had a lot of issues with this product.,negative
I absolutely loved this product. It exceeded my expectations!,positive
Great customer service and the item works perfectly.,positive
I absolutely loved this product. It exceeded my expectations!,positive
Worst purchase ever. Not worth the price.,negative
Loved the packaging and the attention to detail.,positive
I had a lot of issues with this product.,negative
Worst purchase ever. Not worth the price.,negative
This is not what I expected. Completely useless.,negative
Impressive features and easy to use.,positive
Great customer service and the item works perfectly.,positive
"Fantastic experience, I will definitely buy again.",positive
This is not what I expected. Completely useless.,negative
Extremely dissatisfied. Waste of money.,negative
Loved the packaging and the attention to detail.,positive
I absolutely loved this product. It exceeded my expectations!,positive
Great customer service and the item works perfectly.,positive
Loved the packaging and the attention to detail.,positive
Extremely dissatisfied. Waste of money.,negative
The best purchase I've made this year. Excellent quality.,positive
"Fantastic experience, I will definitely buy again.",positive
Bad experience overall. Avoid this product.,negative
"Fantastic experience, I will definitely buy again.",positive
Customer service was unhelpful and rude.,negative
Exceeded all my expectations. Brilliant!,positive
The best purchase I've made this year. Excellent quality.,positive
I'm very happy with this. Worth every penny.,positive
Impressive features and easy to use.,positive
Exceeded all my expectations. Brilliant!,positive
I had a lot of issues with this product.,negative
Impressive features and easy to use.,positive
Customer service was unhelpful and rude.,negative
Customer service was unhelpful and rude.,negative
Worst purchase ever. Not worth the price.,negative
Exceeded all my expectations. Brilliant!,positive
I had a lot of issues with this product.,negative
This is not what I expected. Completely useless.,negative
The quality is top-notch and delivery was super fast.,positive
The product broke after two days. Very disappointed.,negative
Loved the packaging and the attention to detail.,positive
Very poor quality and late delivery.,negative
The quality is top-notch and delivery was super fast.,positive
Exceeded all my expectations. Brilliant!,positive
Worst purchase ever. Not worth the price.,negative
I absolutely loved this product. It exceeded my expectations!,positive
Worst purchase ever. Not worth the price.,negative
Customer service was unhelpful and rude.,negative
The quality is top-notch and delivery was super fast.,positive
Loved the packaging and the attention to detail.,positive
I had a lot of issues with this product.,negative
I'm very happy with this. Worth every penny.,positive
